{
  "frequency_baseline": {
    "validation": {
      "log_loss": 1.04594,
      "brier": 0.63009,
      "rps": 0.22756,
      "accuracy": 0.48618,
      "ece": 0.00232,
      "n": 3581
    },
    "test": {
      "log_loss": 1.05436,
      "brier": 0.63619,
      "rps": 0.22947,
      "accuracy": 0.47229,
      "ece": 0.01157,
      "n": 3699
    }
  },
  "elo_logistic": {
    "validation": {
      "log_loss": 0.86065,
      "brier": 0.50495,
      "rps": 0.16785,
      "accuracy": 0.60737,
      "ece": 0.01507,
      "n": 3581
    },
    "test": {
      "log_loss": 0.8666,
      "brier": 0.50969,
      "rps": 0.16891,
      "accuracy": 0.60341,
      "ece": 0.01942,
      "n": 3699
    }
  },
  "poisson": {
    "validation": {
      "log_loss": 0.86143,
      "brier": 0.5056,
      "rps": 0.16852,
      "accuracy": 0.60709,
      "ece": 0.01687,
      "n": 3581
    },
    "test": {
      "log_loss": 0.86733,
      "brier": 0.5099,
      "rps": 0.1693,
      "accuracy": 0.6053,
      "ece": 0.01931,
      "n": 3699
    }
  },
  "dixon_coles": {
    "validation": {
      "log_loss": 0.86061,
      "brier": 0.50524,
      "rps": 0.16846,
      "accuracy": 0.60709,
      "ece": 0.01284,
      "n": 3581
    },
    "test": {
      "log_loss": 0.86602,
      "brier": 0.50923,
      "rps": 0.16918,
      "accuracy": 0.6053,
      "ece": 0.0155,
      "n": 3699
    }
  },
  "gbm_uncalibrated": {
    "validation": {
      "log_loss": 0.8712,
      "brier": 0.5106,
      "rps": 0.16971,
      "accuracy": 0.60039,
      "ece": 0.01888,
      "n": 3581
    },
    "test": {
      "log_loss": 0.87269,
      "brier": 0.51218,
      "rps": 0.16903,
      "accuracy": 0.60557,
      "ece": 0.02495,
      "n": 3699
    }
  },
  "gbm_calibrated": {
    "validation": {
      "log_loss": 0.88854,
      "brier": 0.51248,
      "rps": 0.17072,
      "accuracy": 0.60151,
      "ece": 0.01149,
      "n": 3581
    },
    "test": {
      "log_loss": 0.86956,
      "brier": 0.51011,
      "rps": 0.16858,
      "accuracy": 0.60854,
      "ece": 0.0128,
      "n": 3699
    }
  },
  "geometric_ensemble": {
    "validation": {
      "log_loss": 0.85846,
      "brier": 0.50384,
      "rps": 0.16764,
      "accuracy": 0.6057,
      "ece": 0.01667,
      "n": 3581
    },
    "test": {
      "log_loss": 0.86423,
      "brier": 0.50828,
      "rps": 0.16856,
      "accuracy": 0.60232,
      "ece": 0.01706,
      "n": 3699
    }
  }
}