{
  "frequency_baseline": {
    "validation": {
      "log_loss": 1.04594,
      "brier": 0.63009,
      "rps": 0.22756,
      "accuracy": 0.48618,
      "ece": 0.00232,
      "n": 3581
    },
    "test": {
      "log_loss": 1.05435,
      "brier": 0.63617,
      "rps": 0.22938,
      "accuracy": 0.47239,
      "ece": 0.01147,
      "n": 3694
    }
  },
  "elo_logistic": {
    "validation": {
      "log_loss": 0.86065,
      "brier": 0.50495,
      "rps": 0.16785,
      "accuracy": 0.60737,
      "ece": 0.01507,
      "n": 3581
    },
    "test": {
      "log_loss": 0.86682,
      "brier": 0.50985,
      "rps": 0.16892,
      "accuracy": 0.60314,
      "ece": 0.01984,
      "n": 3694
    }
  },
  "poisson": {
    "validation": {
      "log_loss": 0.86143,
      "brier": 0.5056,
      "rps": 0.16852,
      "accuracy": 0.60709,
      "ece": 0.01687,
      "n": 3581
    },
    "test": {
      "log_loss": 0.8675,
      "brier": 0.51003,
      "rps": 0.16929,
      "accuracy": 0.60504,
      "ece": 0.01994,
      "n": 3694
    }
  },
  "dixon_coles": {
    "validation": {
      "log_loss": 0.86061,
      "brier": 0.50524,
      "rps": 0.16846,
      "accuracy": 0.60709,
      "ece": 0.01284,
      "n": 3581
    },
    "test": {
      "log_loss": 0.86616,
      "brier": 0.50934,
      "rps": 0.16917,
      "accuracy": 0.60504,
      "ece": 0.01613,
      "n": 3694
    }
  },
  "gbm_uncalibrated": {
    "validation": {
      "log_loss": 0.8712,
      "brier": 0.5106,
      "rps": 0.16971,
      "accuracy": 0.60039,
      "ece": 0.01888,
      "n": 3581
    },
    "test": {
      "log_loss": 0.87324,
      "brier": 0.51258,
      "rps": 0.16912,
      "accuracy": 0.60504,
      "ece": 0.02548,
      "n": 3694
    }
  },
  "gbm_calibrated": {
    "validation": {
      "log_loss": 0.88854,
      "brier": 0.51248,
      "rps": 0.17072,
      "accuracy": 0.60151,
      "ece": 0.01149,
      "n": 3581
    },
    "test": {
      "log_loss": 0.87008,
      "brier": 0.51049,
      "rps": 0.16867,
      "accuracy": 0.60801,
      "ece": 0.01333,
      "n": 3694
    }
  },
  "geometric_ensemble": {
    "validation": {
      "log_loss": 0.85846,
      "brier": 0.50384,
      "rps": 0.16764,
      "accuracy": 0.6057,
      "ece": 0.01667,
      "n": 3581
    },
    "test": {
      "log_loss": 0.86441,
      "brier": 0.50842,
      "rps": 0.16856,
      "accuracy": 0.60206,
      "ece": 0.01748,
      "n": 3694
    }
  }
}