{
  "frequency_baseline": {
    "validation": {
      "log_loss": 1.04594,
      "brier": 0.63009,
      "rps": 0.22756,
      "accuracy": 0.48618,
      "ece": 0.00232,
      "n": 3581
    },
    "test": {
      "log_loss": 1.05424,
      "brier": 0.63609,
      "rps": 0.22939,
      "accuracy": 0.47255,
      "ece": 0.01131,
      "n": 3697
    }
  },
  "elo_logistic": {
    "validation": {
      "log_loss": 0.86065,
      "brier": 0.50495,
      "rps": 0.16785,
      "accuracy": 0.60737,
      "ece": 0.01507,
      "n": 3581
    },
    "test": {
      "log_loss": 0.86655,
      "brier": 0.50966,
      "rps": 0.16887,
      "accuracy": 0.60346,
      "ece": 0.01949,
      "n": 3697
    }
  },
  "poisson": {
    "validation": {
      "log_loss": 0.86143,
      "brier": 0.5056,
      "rps": 0.16852,
      "accuracy": 0.60709,
      "ece": 0.01687,
      "n": 3581
    },
    "test": {
      "log_loss": 0.86726,
      "brier": 0.50985,
      "rps": 0.16925,
      "accuracy": 0.60536,
      "ece": 0.01958,
      "n": 3697
    }
  },
  "dixon_coles": {
    "validation": {
      "log_loss": 0.86061,
      "brier": 0.50524,
      "rps": 0.16846,
      "accuracy": 0.60709,
      "ece": 0.01284,
      "n": 3581
    },
    "test": {
      "log_loss": 0.86593,
      "brier": 0.50917,
      "rps": 0.16913,
      "accuracy": 0.60536,
      "ece": 0.01577,
      "n": 3697
    }
  },
  "gbm_uncalibrated": {
    "validation": {
      "log_loss": 0.8712,
      "brier": 0.5106,
      "rps": 0.16971,
      "accuracy": 0.60039,
      "ece": 0.01888,
      "n": 3581
    },
    "test": {
      "log_loss": 0.87288,
      "brier": 0.51232,
      "rps": 0.16905,
      "accuracy": 0.60536,
      "ece": 0.02517,
      "n": 3697
    }
  },
  "gbm_calibrated": {
    "validation": {
      "log_loss": 0.88854,
      "brier": 0.51248,
      "rps": 0.17072,
      "accuracy": 0.60151,
      "ece": 0.01149,
      "n": 3581
    },
    "test": {
      "log_loss": 0.86975,
      "brier": 0.51025,
      "rps": 0.16861,
      "accuracy": 0.60833,
      "ece": 0.01302,
      "n": 3697
    }
  },
  "geometric_ensemble": {
    "validation": {
      "log_loss": 0.85846,
      "brier": 0.50384,
      "rps": 0.16764,
      "accuracy": 0.6057,
      "ece": 0.01667,
      "n": 3581
    },
    "test": {
      "log_loss": 0.86416,
      "brier": 0.50823,
      "rps": 0.16852,
      "accuracy": 0.60238,
      "ece": 0.01712,
      "n": 3697
    }
  }
}