{
  "frequency_baseline": {
    "validation": {
      "log_loss": 1.04594,
      "brier": 0.63009,
      "rps": 0.22756,
      "accuracy": 0.48618,
      "ece": 0.00232,
      "n": 3581
    },
    "test": {
      "log_loss": 1.05433,
      "brier": 0.63616,
      "rps": 0.2294,
      "accuracy": 0.4724,
      "ece": 0.01145,
      "n": 3696
    }
  },
  "elo_logistic": {
    "validation": {
      "log_loss": 0.86065,
      "brier": 0.50495,
      "rps": 0.16785,
      "accuracy": 0.60737,
      "ece": 0.01507,
      "n": 3581
    },
    "test": {
      "log_loss": 0.86667,
      "brier": 0.50975,
      "rps": 0.1689,
      "accuracy": 0.60335,
      "ece": 0.01959,
      "n": 3696
    }
  },
  "poisson": {
    "validation": {
      "log_loss": 0.86143,
      "brier": 0.5056,
      "rps": 0.16852,
      "accuracy": 0.60709,
      "ece": 0.01687,
      "n": 3581
    },
    "test": {
      "log_loss": 0.8674,
      "brier": 0.50995,
      "rps": 0.16928,
      "accuracy": 0.60525,
      "ece": 0.01967,
      "n": 3696
    }
  },
  "dixon_coles": {
    "validation": {
      "log_loss": 0.86061,
      "brier": 0.50524,
      "rps": 0.16846,
      "accuracy": 0.60709,
      "ece": 0.01284,
      "n": 3581
    },
    "test": {
      "log_loss": 0.86606,
      "brier": 0.50927,
      "rps": 0.16916,
      "accuracy": 0.60525,
      "ece": 0.01586,
      "n": 3696
    }
  },
  "gbm_uncalibrated": {
    "validation": {
      "log_loss": 0.8712,
      "brier": 0.5106,
      "rps": 0.16971,
      "accuracy": 0.60039,
      "ece": 0.01888,
      "n": 3581
    },
    "test": {
      "log_loss": 0.87305,
      "brier": 0.51244,
      "rps": 0.16909,
      "accuracy": 0.60525,
      "ece": 0.02524,
      "n": 3696
    }
  },
  "gbm_calibrated": {
    "validation": {
      "log_loss": 0.88854,
      "brier": 0.51248,
      "rps": 0.17072,
      "accuracy": 0.60151,
      "ece": 0.01149,
      "n": 3581
    },
    "test": {
      "log_loss": 0.86989,
      "brier": 0.51035,
      "rps": 0.16864,
      "accuracy": 0.60823,
      "ece": 0.0131,
      "n": 3696
    }
  },
  "geometric_ensemble": {
    "validation": {
      "log_loss": 0.85846,
      "brier": 0.50384,
      "rps": 0.16764,
      "accuracy": 0.6057,
      "ece": 0.01667,
      "n": 3581
    },
    "test": {
      "log_loss": 0.86429,
      "brier": 0.50832,
      "rps": 0.16855,
      "accuracy": 0.60227,
      "ece": 0.01721,
      "n": 3696
    }
  }
}