{
  "frequency_baseline": {
    "validation": {
      "log_loss": 1.04594,
      "brier": 0.63009,
      "rps": 0.22756,
      "accuracy": 0.48618,
      "ece": 0.00232,
      "n": 3581
    },
    "test": {
      "log_loss": 1.05426,
      "brier": 0.63611,
      "rps": 0.22936,
      "accuracy": 0.47253,
      "ece": 0.01132,
      "n": 3695
    }
  },
  "elo_logistic": {
    "validation": {
      "log_loss": 0.86065,
      "brier": 0.50495,
      "rps": 0.16785,
      "accuracy": 0.60737,
      "ece": 0.01507,
      "n": 3581
    },
    "test": {
      "log_loss": 0.8667,
      "brier": 0.50977,
      "rps": 0.1689,
      "accuracy": 0.60325,
      "ece": 0.01974,
      "n": 3695
    }
  },
  "poisson": {
    "validation": {
      "log_loss": 0.86143,
      "brier": 0.5056,
      "rps": 0.16852,
      "accuracy": 0.60709,
      "ece": 0.01687,
      "n": 3581
    },
    "test": {
      "log_loss": 0.86741,
      "brier": 0.50995,
      "rps": 0.16927,
      "accuracy": 0.60514,
      "ece": 0.01983,
      "n": 3695
    }
  },
  "dixon_coles": {
    "validation": {
      "log_loss": 0.86061,
      "brier": 0.50524,
      "rps": 0.16846,
      "accuracy": 0.60709,
      "ece": 0.01284,
      "n": 3581
    },
    "test": {
      "log_loss": 0.86607,
      "brier": 0.50927,
      "rps": 0.16915,
      "accuracy": 0.60514,
      "ece": 0.01602,
      "n": 3695
    }
  },
  "gbm_uncalibrated": {
    "validation": {
      "log_loss": 0.8712,
      "brier": 0.5106,
      "rps": 0.16971,
      "accuracy": 0.60039,
      "ece": 0.01888,
      "n": 3581
    },
    "test": {
      "log_loss": 0.87316,
      "brier": 0.51252,
      "rps": 0.16911,
      "accuracy": 0.60514,
      "ece": 0.02535,
      "n": 3695
    }
  },
  "gbm_calibrated": {
    "validation": {
      "log_loss": 0.88854,
      "brier": 0.51248,
      "rps": 0.17072,
      "accuracy": 0.60151,
      "ece": 0.01149,
      "n": 3581
    },
    "test": {
      "log_loss": 0.87002,
      "brier": 0.51045,
      "rps": 0.16867,
      "accuracy": 0.60812,
      "ece": 0.01319,
      "n": 3695
    }
  },
  "geometric_ensemble": {
    "validation": {
      "log_loss": 0.85846,
      "brier": 0.50384,
      "rps": 0.16764,
      "accuracy": 0.6057,
      "ece": 0.01667,
      "n": 3581
    },
    "test": {
      "log_loss": 0.8643,
      "brier": 0.50834,
      "rps": 0.16854,
      "accuracy": 0.60217,
      "ece": 0.01737,
      "n": 3695
    }
  }
}