{
  "frequency_baseline": {
    "validation": {
      "log_loss": 1.04594,
      "brier": 0.63009,
      "rps": 0.22756,
      "accuracy": 0.48618,
      "ece": 0.00232,
      "n": 3581
    },
    "test": {
      "log_loss": 1.0543,
      "brier": 0.63614,
      "rps": 0.22943,
      "accuracy": 0.47242,
      "ece": 0.01144,
      "n": 3698
    }
  },
  "elo_logistic": {
    "validation": {
      "log_loss": 0.86065,
      "brier": 0.50495,
      "rps": 0.16785,
      "accuracy": 0.60737,
      "ece": 0.01507,
      "n": 3581
    },
    "test": {
      "log_loss": 0.8666,
      "brier": 0.50969,
      "rps": 0.1689,
      "accuracy": 0.6033,
      "ece": 0.01959,
      "n": 3698
    }
  },
  "poisson": {
    "validation": {
      "log_loss": 0.86143,
      "brier": 0.5056,
      "rps": 0.16852,
      "accuracy": 0.60709,
      "ece": 0.01687,
      "n": 3581
    },
    "test": {
      "log_loss": 0.86734,
      "brier": 0.5099,
      "rps": 0.16928,
      "accuracy": 0.60519,
      "ece": 0.01947,
      "n": 3698
    }
  },
  "dixon_coles": {
    "validation": {
      "log_loss": 0.86061,
      "brier": 0.50524,
      "rps": 0.16846,
      "accuracy": 0.60709,
      "ece": 0.01284,
      "n": 3581
    },
    "test": {
      "log_loss": 0.86601,
      "brier": 0.50923,
      "rps": 0.16917,
      "accuracy": 0.60519,
      "ece": 0.01566,
      "n": 3698
    }
  },
  "gbm_uncalibrated": {
    "validation": {
      "log_loss": 0.8712,
      "brier": 0.5106,
      "rps": 0.16971,
      "accuracy": 0.60039,
      "ece": 0.01888,
      "n": 3581
    },
    "test": {
      "log_loss": 0.87283,
      "brier": 0.51229,
      "rps": 0.16906,
      "accuracy": 0.60546,
      "ece": 0.02503,
      "n": 3698
    }
  },
  "gbm_calibrated": {
    "validation": {
      "log_loss": 0.88854,
      "brier": 0.51248,
      "rps": 0.17072,
      "accuracy": 0.60151,
      "ece": 0.01149,
      "n": 3581
    },
    "test": {
      "log_loss": 0.86971,
      "brier": 0.51022,
      "rps": 0.16861,
      "accuracy": 0.60844,
      "ece": 0.01288,
      "n": 3698
    }
  },
  "geometric_ensemble": {
    "validation": {
      "log_loss": 0.85846,
      "brier": 0.50384,
      "rps": 0.16764,
      "accuracy": 0.6057,
      "ece": 0.01667,
      "n": 3581
    },
    "test": {
      "log_loss": 0.86423,
      "brier": 0.50828,
      "rps": 0.16855,
      "accuracy": 0.60222,
      "ece": 0.01722,
      "n": 3698
    }
  }
}