{
  "frequency_baseline": {
    "validation": {
      "log_loss": 1.04594,
      "brier": 0.63009,
      "rps": 0.22756,
      "accuracy": 0.48618,
      "ece": 0.00232,
      "n": 3581
    },
    "test": {
      "log_loss": 1.05444,
      "brier": 0.63624,
      "rps": 0.22939,
      "accuracy": 0.47224,
      "ece": 0.01161,
      "n": 3693
    }
  },
  "elo_logistic": {
    "validation": {
      "log_loss": 0.86065,
      "brier": 0.50495,
      "rps": 0.16785,
      "accuracy": 0.60737,
      "ece": 0.01507,
      "n": 3581
    },
    "test": {
      "log_loss": 0.86691,
      "brier": 0.50992,
      "rps": 0.16894,
      "accuracy": 0.60303,
      "ece": 0.01996,
      "n": 3693
    }
  },
  "poisson": {
    "validation": {
      "log_loss": 0.86143,
      "brier": 0.5056,
      "rps": 0.16852,
      "accuracy": 0.60709,
      "ece": 0.01687,
      "n": 3581
    },
    "test": {
      "log_loss": 0.86759,
      "brier": 0.51009,
      "rps": 0.1693,
      "accuracy": 0.60493,
      "ece": 0.02006,
      "n": 3693
    }
  },
  "dixon_coles": {
    "validation": {
      "log_loss": 0.86061,
      "brier": 0.50524,
      "rps": 0.16846,
      "accuracy": 0.60709,
      "ece": 0.01284,
      "n": 3581
    },
    "test": {
      "log_loss": 0.86624,
      "brier": 0.5094,
      "rps": 0.16919,
      "accuracy": 0.60493,
      "ece": 0.01626,
      "n": 3693
    }
  },
  "gbm_uncalibrated": {
    "validation": {
      "log_loss": 0.8712,
      "brier": 0.5106,
      "rps": 0.16971,
      "accuracy": 0.60039,
      "ece": 0.01888,
      "n": 3581
    },
    "test": {
      "log_loss": 0.87333,
      "brier": 0.51264,
      "rps": 0.16913,
      "accuracy": 0.60493,
      "ece": 0.02559,
      "n": 3693
    }
  },
  "gbm_calibrated": {
    "validation": {
      "log_loss": 0.88854,
      "brier": 0.51248,
      "rps": 0.17072,
      "accuracy": 0.60151,
      "ece": 0.01149,
      "n": 3581
    },
    "test": {
      "log_loss": 0.87013,
      "brier": 0.51053,
      "rps": 0.16867,
      "accuracy": 0.60791,
      "ece": 0.01346,
      "n": 3693
    }
  },
  "geometric_ensemble": {
    "validation": {
      "log_loss": 0.85846,
      "brier": 0.50384,
      "rps": 0.16764,
      "accuracy": 0.6057,
      "ece": 0.01667,
      "n": 3581
    },
    "test": {
      "log_loss": 0.8645,
      "brier": 0.50848,
      "rps": 0.16858,
      "accuracy": 0.60195,
      "ece": 0.0176,
      "n": 3693
    }
  }
}