{
  "frequency_baseline": {
    "validation": {
      "log_loss": 1.04593,
      "brier": 0.63009,
      "rps": 0.22756,
      "accuracy": 0.48618,
      "ece": 0.0023,
      "n": 3581
    },
    "test": {
      "log_loss": 1.05458,
      "brier": 0.63636,
      "rps": 0.22964,
      "accuracy": 0.47183,
      "ece": 0.01205,
      "n": 3709
    }
  },
  "elo_logistic": {
    "validation": {
      "log_loss": 0.86061,
      "brier": 0.50492,
      "rps": 0.16783,
      "accuracy": 0.60737,
      "ece": 0.01493,
      "n": 3581
    },
    "test": {
      "log_loss": 0.86663,
      "brier": 0.50969,
      "rps": 0.16899,
      "accuracy": 0.6034,
      "ece": 0.01923,
      "n": 3709
    }
  },
  "poisson": {
    "validation": {
      "log_loss": 0.86138,
      "brier": 0.50557,
      "rps": 0.16851,
      "accuracy": 0.60709,
      "ece": 0.01587,
      "n": 3581
    },
    "test": {
      "log_loss": 0.86755,
      "brier": 0.50996,
      "rps": 0.16944,
      "accuracy": 0.60475,
      "ece": 0.0198,
      "n": 3709
    }
  },
  "dixon_coles": {
    "validation": {
      "log_loss": 0.86056,
      "brier": 0.50521,
      "rps": 0.16845,
      "accuracy": 0.60709,
      "ece": 0.01171,
      "n": 3581
    },
    "test": {
      "log_loss": 0.86626,
      "brier": 0.5093,
      "rps": 0.16933,
      "accuracy": 0.60475,
      "ece": 0.01589,
      "n": 3709
    }
  },
  "gbm_uncalibrated": {
    "validation": {
      "log_loss": 0.87147,
      "brier": 0.5108,
      "rps": 0.16968,
      "accuracy": 0.59955,
      "ece": 0.01825,
      "n": 3581
    },
    "test": {
      "log_loss": 0.87173,
      "brier": 0.51232,
      "rps": 0.16944,
      "accuracy": 0.60555,
      "ece": 0.02908,
      "n": 3709
    }
  },
  "gbm_calibrated": {
    "validation": {
      "log_loss": 0.88693,
      "brier": 0.5134,
      "rps": 0.17095,
      "accuracy": 0.60235,
      "ece": 0.0207,
      "n": 3581
    },
    "test": {
      "log_loss": 0.86598,
      "brier": 0.50934,
      "rps": 0.16862,
      "accuracy": 0.6096,
      "ece": 0.01756,
      "n": 3709
    }
  },
  "geometric_ensemble": {
    "validation": {
      "log_loss": 0.85842,
      "brier": 0.50382,
      "rps": 0.16763,
      "accuracy": 0.6057,
      "ece": 0.01713,
      "n": 3581
    },
    "test": {
      "log_loss": 0.86434,
      "brier": 0.50831,
      "rps": 0.16868,
      "accuracy": 0.60205,
      "ece": 0.01734,
      "n": 3709
    }
  }
}