{
  "frequency_baseline": {
    "validation": {
      "log_loss": 1.04593,
      "brier": 0.63009,
      "rps": 0.22756,
      "accuracy": 0.48618,
      "ece": 0.0023,
      "n": 3581
    },
    "test": {
      "log_loss": 1.05449,
      "brier": 0.6363,
      "rps": 0.22963,
      "accuracy": 0.47197,
      "ece": 0.01191,
      "n": 3710
    }
  },
  "elo_logistic": {
    "validation": {
      "log_loss": 0.86061,
      "brier": 0.50492,
      "rps": 0.16783,
      "accuracy": 0.60737,
      "ece": 0.01493,
      "n": 3581
    },
    "test": {
      "log_loss": 0.86663,
      "brier": 0.50969,
      "rps": 0.16901,
      "accuracy": 0.6035,
      "ece": 0.01907,
      "n": 3710
    }
  },
  "poisson": {
    "validation": {
      "log_loss": 0.86138,
      "brier": 0.50557,
      "rps": 0.16851,
      "accuracy": 0.60709,
      "ece": 0.01587,
      "n": 3581
    },
    "test": {
      "log_loss": 0.86755,
      "brier": 0.50996,
      "rps": 0.16945,
      "accuracy": 0.60485,
      "ece": 0.01964,
      "n": 3710
    }
  },
  "dixon_coles": {
    "validation": {
      "log_loss": 0.86056,
      "brier": 0.50521,
      "rps": 0.16845,
      "accuracy": 0.60709,
      "ece": 0.01171,
      "n": 3581
    },
    "test": {
      "log_loss": 0.86627,
      "brier": 0.50931,
      "rps": 0.16934,
      "accuracy": 0.60485,
      "ece": 0.01573,
      "n": 3710
    }
  },
  "gbm_uncalibrated": {
    "validation": {
      "log_loss": 0.87147,
      "brier": 0.5108,
      "rps": 0.16968,
      "accuracy": 0.59955,
      "ece": 0.01825,
      "n": 3581
    },
    "test": {
      "log_loss": 0.87183,
      "brier": 0.5124,
      "rps": 0.1695,
      "accuracy": 0.60539,
      "ece": 0.02922,
      "n": 3710
    }
  },
  "gbm_calibrated": {
    "validation": {
      "log_loss": 0.88693,
      "brier": 0.5134,
      "rps": 0.17095,
      "accuracy": 0.60235,
      "ece": 0.0207,
      "n": 3581
    },
    "test": {
      "log_loss": 0.86607,
      "brier": 0.50941,
      "rps": 0.16867,
      "accuracy": 0.60943,
      "ece": 0.01742,
      "n": 3710
    }
  },
  "geometric_ensemble": {
    "validation": {
      "log_loss": 0.85842,
      "brier": 0.50382,
      "rps": 0.16763,
      "accuracy": 0.6057,
      "ece": 0.01713,
      "n": 3581
    },
    "test": {
      "log_loss": 0.86434,
      "brier": 0.50831,
      "rps": 0.16869,
      "accuracy": 0.60216,
      "ece": 0.01718,
      "n": 3710
    }
  }
}